<keymap version="1" name="Default for Windows copy" parent="$default">
  <action id="$EditorTranslateAction">
    <keyboard-shortcut first-keystroke="shift ctrl y" />
    <keyboard-shortcut first-keystroke="shift ctrl a" />
  </action>
  <action id="CloseContent">
    <keyboard-shortcut first-keystroke="ctrl f4" />
    <keyboard-shortcut first-keystroke="ctrl alt windows" />
  </action>
  <action id="Editor EditorTranslateAction">
    <keyboard-shortcut first-keystroke="shift ctrl a" />
  </action>
  <action id="GotoAction" />
  <action id="MoveElementRight" />
  <action id="MoveTabRight">
    <keyboard-shortcut first-keystroke="shift ctrl alt right" />
  </action>
  <action id="Terminal.MoveToolWindowTabRight" />
</keymap>